SET TERMOUT ON
PROMPT Building demonstration tables.  Please wait.
SET TERMOUT OFF

DROP TABLE STAFF;
DROP TABLE CUSTOMER;
DROP TABLE BOOKING;
DROP TABLE PRODUCT;
DROP TABLE ITEM;



CREATE TABLE STAFF
(STAFFID NUMBER (4),
STAFFNAME VARCHAR2 (10),
JOB VARCHAR2 (20),
SAL NUMBER (6),
CONSTRAINT PK_STAFF_STAFFID PRIMARY KEY (STAFFID),
CONSTRAINT CK_STAFF_SAL CHECK (SAL >= 0)
);

INSERT INTO STAFF VALUES (1001, 'FRANKIE', 'MANAGER', 22000);
INSERT INTO STAFF VALUES (1002, 'PETER', 'CLERK', 11000);
INSERT INTO STAFF VALUES (1003, 'DONALD', 'CLERK', 10000);
INSERT INTO STAFF VALUES (1004, 'MICHAEL', 'SALESMAN', 18000);
INSERT INTO STAFF VALUES (1005, 'JASON', 'SALESMAN', 17000);
INSERT INTO STAFF VALUES (1006, 'JENNIFER', 'MANGER', 21000);
INSERT INTO STAFF VALUES (1007, 'TOM', 'MANAGER', 25000);
INSERT INTO STAFF VALUES (1008, 'EMMA', 'ASSISTANT MANAGER', 14000);
INSERT INTO STAFF VALUES (1009, 'SOPHIA', 'ASSISTANT MANAGER', 13000);
INSERT INTO STAFF VALUES (1010, 'EMILY', 'SALESMAN', 20000);

CREATE TABLE CUSTOMER
(CUSTID VARCHAR2(5),
CUSTNAME VARCHAR2(30),
CUSTCATEGORY VARCHAR2(15),
CUSTTEL NUMBER(8),
CUSTADDRESS VARCHAR2(40),
STAFFID NUMBER(4),
CONSTRAINT PK_CUSTOMER_CUSTID PRIMARY KEY (CUSTID));

INSERT INTO CUSTOMER VALUES ('BE001', 'BESTAC', 'ACCOUNTING', 99912345, 'SHAM SHUI PO', 1001);
INSERT INTO CUSTOMER VALUES ('FA001', 'FACESHEET', 'IT', 22222222, 'MONG KOK', 1004);
INSERT INTO CUSTOMER VALUES ('GO001', 'GOOD CAREER COMPANY', 'EMPLOYMENT', 38888888, 'CENTRAL', 1010);
INSERT INTO CUSTOMER VALUES ('BE002', 'BEST IDEA COMPANY', 'MARKETING', 33443344, 'MONG KOK', 1002);
INSERT INTO CUSTOMER VALUES ('DA001', 'DAYTRADE COMPANY', 'TRADING', 35556666, 'KWUN TONG', 1006);
INSERT INTO CUSTOMER VALUES ('FA002', 'FAST NETWORK COMPANY', 'IT', 22333333, 'SHAM SHUI PO', 1007);
INSERT INTO CUSTOMER VALUES ('CR001', 'CREATIVE MARKETING', 'MARKETING', 25666655, 'CAUSEWAYBAY', 1010);
INSERT INTO CUSTOMER VALUES ('TR001', 'TREND', 'ACCOUNT', 36667777, 'CAUSEWAYBAY', 1004);
INSERT INTO CUSTOMER VALUES ('MA001', 'MACROHARD COMPANY', 'IT', 63332222, 'SHAM SHUI PO', 1007);
INSERT INTO CUSTOMER VALUES ('TR002', 'TRADETRADE COMPANY', 'TRADING', 93949394, 'CENTRAL', 1001);

CREATE TABLE BOOKING
(BOOKINGID NUMBER(8) NOT NULL,
CUSTID VARCHAR2(6),
BOOKINGDATE DATE,
CONSTRAINT PK_BOOKING_BOOKINGID PRIMARY KEY (BOOKINGID));

INSERT INTO BOOKING VALUES('22010001', 'FA001', TO_DATE('02-JAN-2022', 'DD-MON-YYYY'));
INSERT INTO BOOKING VALUES('22010002', 'BE002', TO_DATE('08-JAN-2022', 'DD-MON-YYYY'));
INSERT INTO BOOKING VALUES('22010003', 'BE001', TO_DATE('15-JAN-2022', 'DD-MON-YYYY'));
INSERT INTO BOOKING VALUES('22020001', 'TR002', TO_DATE('03-FEB-2022', 'DD-MON-YYYY'));
INSERT INTO BOOKING VALUES('22020002', 'BE002', TO_DATE('10-FEB-2022', 'DD-MON-YYYY'));
INSERT INTO BOOKING VALUES('22020003', 'TR001', TO_DATE('23-FEB-2022', 'DD-MON-YYYY'));
INSERT INTO BOOKING VALUES('22020004', 'GO001', TO_DATE('25-FEB-2022', 'DD-MON-YYYY'));
INSERT INTO BOOKING VALUES('22030001', 'MA001', TO_DATE('07-MAR-2022', 'DD-MON-YYYY'));
INSERT INTO BOOKING VALUES('22030002', 'FA002', TO_DATE('21-MAR-2022', 'DD-MON-YYYY'));
INSERT INTO BOOKING VALUES('22040001', 'CR001', TO_DATE('01-APR-2022', 'DD-MON-YYYY'));
INSERT INTO BOOKING VALUES('22040002', 'TR002', TO_DATE('18-APR-2022', 'DD-MON-YYYY'));
INSERT INTO BOOKING VALUES('22040003', 'BE001', TO_DATE('19-APR-2022', 'DD-MON-YYYY'));
INSERT INTO BOOKING VALUES('22040004', 'BE001', TO_DATE('22-APR-2022', 'DD-MON-YYYY'));

CREATE TABLE ITEM
(BOOKINGID NUMBER(8),
ITEMID NUMBER(3),
QTY NUMBER(2),
STARTDATE DATE,
RETURNDATE DATE,
PRODUCTID VARCHAR2(5),
CONSTRAINT CK_ITEM_QTY CHECK (QTY >= 1),
CONSTRAINT CK_ITEM_RETURNDATE CHECK (RETURNDATE >= STARTDATE)
);

INSERT INTO ITEM VALUES('22010001', 001, 2, TO_DATE('03-JAN-2022', 'DD-MON-YYYY'), TO_DATE('15-JAN-2022', 'DD-MON-YYYY'), 'P0002');
INSERT INTO ITEM VALUES('22010001', 002, 1, TO_DATE('06-JAN-2022', 'DD-MON-YYYY'), TO_DATE('20-JAN-2022', 'DD-MON-YYYY'), 'P0003');
INSERT INTO ITEM VALUES('22010001', 003, 1, TO_DATE('02-JAN-2022', 'DD-MON-YYYY'), TO_DATE('10-JAN-2022', 'DD-MON-YYYY'), 'P0005');
INSERT INTO ITEM VALUES('22010001', 004, 1, TO_DATE('04-JAN-2022', 'DD-MON-YYYY'), TO_DATE('23-JAN-2022', 'DD-MON-YYYY'), 'P0001');
INSERT INTO ITEM VALUES('22010001', 005, 1, TO_DATE('08-JAN-2022', 'DD-MON-YYYY'), TO_DATE('10-JAN-2022', 'DD-MON-YYYY'), 'P0003');
INSERT INTO ITEM VALUES('22010002', 001, 2, TO_DATE('09-JAN-2022', 'DD-MON-YYYY'), TO_DATE('15-JAN-2022', 'DD-MON-YYYY'), 'P0009');
INSERT INTO ITEM VALUES('22010002', 002, 1, TO_DATE('10-JAN-2022', 'DD-MON-YYYY'), TO_DATE('17-JAN-2022', 'DD-MON-YYYY'), 'P0006');
INSERT INTO ITEM VALUES('22010002', 003, 1, TO_DATE('08-JAN-2022', 'DD-MON-YYYY'), TO_DATE('31-JAN-2022', 'DD-MON-YYYY'), 'P0007');
INSERT INTO ITEM VALUES('22010002', 004, 3, TO_DATE('12-JAN-2022', 'DD-MON-YYYY'), TO_DATE('15-JAN-2022', 'DD-MON-YYYY'), 'P0004');
INSERT INTO ITEM VALUES('22010003', 001, 1, TO_DATE('13-JAN-2022', 'DD-MON-YYYY'), TO_DATE('20-JAN-2022', 'DD-MON-YYYY'), 'P0005');
INSERT INTO ITEM VALUES('22010003', 002, 3, TO_DATE('17-JAN-2022', 'DD-MON-YYYY'), TO_DATE('23-JAN-2022', 'DD-MON-YYYY'), 'P0006');
INSERT INTO ITEM VALUES('22010003', 003, 1, TO_DATE('23-JAN-2022', 'DD-MON-YYYY'), TO_DATE('26-JAN-2022', 'DD-MON-YYYY'), 'P0002');
INSERT INTO ITEM VALUES('22010003', 004, 2, TO_DATE('23-JAN-2022', 'DD-MON-YYYY'), TO_DATE('26-JAN-2022', 'DD-MON-YYYY'), 'P0008');
INSERT INTO ITEM VALUES('22010003', 005, 1, TO_DATE('23-JAN-2022', 'DD-MON-YYYY'), TO_DATE('26-JAN-2022', 'DD-MON-YYYY'), 'P0010');
INSERT INTO ITEM VALUES('22020001', 001, 1, TO_DATE('05-FEB-2022', 'DD-MON-YYYY'), TO_DATE('20-FEB-2022', 'DD-MON-YYYY'), 'P0001');
INSERT INTO ITEM VALUES('22020001', 002, 2, TO_DATE('15-FEB-2022', 'DD-MON-YYYY'), TO_DATE('20-FEB-2022', 'DD-MON-YYYY'), 'P0011');
INSERT INTO ITEM VALUES('22020001', 003, 2, TO_DATE('07-FEB-2022', 'DD-MON-YYYY'), TO_DATE('13-FEB-2022', 'DD-MON-YYYY'), 'P0003');
INSERT INTO ITEM VALUES('22020002', 001, 2, TO_DATE('12-FEB-2022', 'DD-MON-YYYY'), TO_DATE('23-MAR-2022', 'DD-MON-YYYY'), 'P0009');
INSERT INTO ITEM VALUES('22020003', 001, 4, TO_DATE('24-FEB-2022', 'DD-MON-YYYY'), TO_DATE('28-FEB-2022', 'DD-MON-YYYY'), 'P0009');
INSERT INTO ITEM VALUES('22020003', 002, 4, TO_DATE('24-FEB-2022', 'DD-MON-YYYY'), TO_DATE('28-FEB-2022', 'DD-MON-YYYY'), 'P0009');
INSERT INTO ITEM VALUES('22020004', 001, 2, TO_DATE('26-FEB-2022', 'DD-MON-YYYY'), TO_DATE('27-FEB-2022', 'DD-MON-YYYY'), 'P0004');
INSERT INTO ITEM VALUES('22020004', 002, 1, TO_DATE('27-FEB-2022', 'DD-MON-YYYY'), TO_DATE('12-MAR-2022', 'DD-MON-YYYY'), 'P0001');
INSERT INTO ITEM VALUES('22020004', 003, 1, TO_DATE('28-FEB-2022', 'DD-MON-YYYY'), TO_DATE('21-MAR-2022', 'DD-MON-YYYY'), 'P0003');
INSERT INTO ITEM VALUES('22020004', 004, 1, TO_DATE('28-FEB-2022', 'DD-MON-YYYY'), TO_DATE('28-FEB-2022', 'DD-MON-YYYY'), 'P0004');
INSERT INTO ITEM VALUES('22030001', 001, 3, TO_DATE('10-MAR-2022', 'DD-MON-YYYY'), TO_DATE('13-MAR-2022', 'DD-MON-YYYY'), 'P0002');
INSERT INTO ITEM VALUES('22030001', 002, 1, TO_DATE('13-MAR-2022', 'DD-MON-YYYY'), TO_DATE('19-MAR-2022', 'DD-MON-YYYY'), 'P0007');
INSERT INTO ITEM VALUES('22030001', 003, 2, TO_DATE('15-MAR-2022', 'DD-MON-YYYY'), TO_DATE('02-APR-2022', 'DD-MON-YYYY'), 'P0008');
INSERT INTO ITEM VALUES('22030002', 001, 1, TO_DATE('24-MAR-2022', 'DD-MON-YYYY'), TO_DATE('31-MAR-2022', 'DD-MON-YYYY'), 'P0001');
INSERT INTO ITEM VALUES('22030002', 002, 2, TO_DATE('25-MAR-2022', 'DD-MON-YYYY'), TO_DATE('24-APR-2022', 'DD-MON-YYYY'), 'P0011');
INSERT INTO ITEM VALUES('22040001', 001, 1, TO_DATE('01-APR-2022', 'DD-MON-YYYY'), TO_DATE('23-APR-2022', 'DD-MON-YYYY'), 'P0003');
INSERT INTO ITEM VALUES('22040001', 002, 4, TO_DATE('06-APR-2022', 'DD-MON-YYYY'), TO_DATE('12-APR-2022', 'DD-MON-YYYY'), 'P0002');
INSERT INTO ITEM VALUES('22040002', 001, 1, TO_DATE('19-APR-2022', 'DD-MON-YYYY'), TO_DATE('20-APR-2022', 'DD-MON-YYYY'), 'P0007');
INSERT INTO ITEM VALUES('22040002', 002, 1, TO_DATE('22-APR-2022', 'DD-MON-YYYY'), TO_DATE('26-APR-2022', 'DD-MON-YYYY'), 'P0004');
INSERT INTO ITEM VALUES('22040002', 003, 1, TO_DATE('23-APR-2022', 'DD-MON-YYYY'), TO_DATE('29-APR-2022', 'DD-MON-YYYY'), 'P0007');
INSERT INTO ITEM VALUES('22040003', 001, 3, TO_DATE('21-APR-2022', 'DD-MON-YYYY'), TO_DATE('23-APR-2022', 'DD-MON-YYYY'), 'P0011');
INSERT INTO ITEM VALUES('22040004', 001, 1, TO_DATE('25-APR-2022', 'DD-MON-YYYY'), TO_DATE('30-APR-2022', 'DD-MON-YYYY'), 'P0007');
INSERT INTO ITEM VALUES('22040004', 002, 1, TO_DATE('25-APR-2022', 'DD-MON-YYYY'), TO_DATE('30-APR-2022', 'DD-MON-YYYY'), 'P0011');

CREATE TABLE PRODUCT
(PRODUCTID VARCHAR2(5),
PRODUCTTYPE VARCHAR2(15),
PRODUCTDESC VARCHAR2(50),
RENTPERDAY NUMBER(4),
INVENTORY NUMBER(3),
CONSTRAINT PK_PRODUCT_PRODUCTID PRIMARY KEY (PRODUCTID)
);

INSERT INTO PRODUCT VALUES('P0001', 'HALL', 'CONFERENCE HALL', 200, 1);
INSERT INTO PRODUCT VALUES('P0002', 'ROOM', 'SMALL CONFERENCE ROOM', 100, 10);
INSERT INTO PRODUCT VALUES('P0003', 'ROOM', 'INDEPENDENT OFFICE ROOM', 50, 8);
INSERT INTO PRODUCT VALUES('P0004', 'ROOM', 'LEISURE ROOM', 70, 8);
INSERT INTO PRODUCT VALUES('P0005', 'PHONE', 'ANDROID PHONE', 20, 9);
INSERT INTO PRODUCT VALUES('P0006', 'PHONE', 'IPHONE', 20, 10);
INSERT INTO PRODUCT VALUES('P0007', 'PROJECTOR', 'LCD PROJECTOR', 10, 7);
INSERT INTO PRODUCT VALUES('P0008', 'TABLET', 'PORTABLE PC', 8, 7);
INSERT INTO PRODUCT VALUES('P0009', 'TABLET', 'IPAD', 10, 7);
INSERT INTO PRODUCT VALUES('P0010', 'COMPUTER', 'LAPTOP', 12, 10);
INSERT INTO PRODUCT VALUES('P0011', 'COMPUTER', 'MACBOOK', 15, 8);

COMMIT;




SET TERMOUT ON
PROMPT Demonstration table build is complete.

EXIT

